<?xml version="1.0"?>
<doc>
    <assembly>
        <name>Kendo.Mvc.Export</name>
    </assembly>
    <members>
        <member name="T:Kendo.Mvc.Export.EditorExport">
            <summary>
            Editor export
            </summary>
            <summary>
            Provides editor export functionality.
            </summary>
        </member>
        <member name="M:Kendo.Mvc.Export.EditorExport.ToDocxExportResult(Kendo.Mvc.Export.EditorExportData,Telerik.Windows.Documents.Flow.FormatProviders.Html.HtmlImportSettings,Telerik.Windows.Documents.Flow.FormatProviders.Docx.DocxExportSettings)">
            <summary>
            Creates FileStreamResult based on the provided parameters, having docx streem to be sent as response
            </summary>
            <param name="data">Data containing the exported HTML content and the file name set to the FileStreamResult return value</param>
            <param name="htmlImportSettings">Optional settings set to the HtmlFormatProvider converting the value to RadFlowDocument</param>
            <param name="docxExportSettings">Optional settings set to the DocxFormatProvider exporting a RadFlowDocument</param>
            <returns>FileStreamResult</returns>
        </member>
        <member name="M:Kendo.Mvc.Export.EditorExport.ToDocxExportResult(Kendo.Mvc.Export.EditorExportData,Telerik.Windows.Documents.Flow.FormatProviders.Html.HtmlImportSettings)">
            <summary>
            Creates FileStreamResult based on the provided parameters, having docx streem to be sent as response
            </summary>
            <param name="data">Data containing the exported HTML content and the file name set to the FileStreamResult return value</param>
            <param name="htmlImportSettings">Optional settings set to the HtmlFormatProvider converting the value to RadFlowDocument</param>
            <returns>FileStreamResult</returns>
        </member>
        <member name="M:Kendo.Mvc.Export.EditorExport.ToDocxExportResult(Kendo.Mvc.Export.EditorExportData)">
            <summary>
            Creates FileStreamResult based on the provided parameters, having docx streem to be sent as response
            </summary>
            <param name="data">Data containing the exported HTML content and the file name set to the FileStreamResult return value</param>
            <returns>FileStreamResult</returns>
        </member>
        <member name="M:Kendo.Mvc.Export.EditorExport.Export(Kendo.Mvc.Export.EditorExportData,Kendo.Mvc.Export.EditorDocumentsSettings)">
            <summary>
            Creates FileStreamResult based on the provided parameter, having a streem to be sent as response
            </summary>
            <param name="data">Data containing the content, the filename and the export type</param>
            <param name="settings">Optional settings providing configuration for all supported export types</param>
            <returns>FileStreamResult</returns>
        </member>
        <member name="M:Kendo.Mvc.Export.EditorExport.Export(Kendo.Mvc.Export.EditorExportData)">
            <summary>
            Creates FileStreamResult based on the provided parameter, having a streem to be sent as response
            </summary>
            <param name="data">EditorExportData nesseary for all kinds of export</param>
            <returns>FileStreamResult</returns>
        </member>
        <member name="M:Kendo.Mvc.Export.EditorExport.ToHtmlExportResult(Kendo.Mvc.Export.EditorExportData,Telerik.Windows.Documents.Flow.FormatProviders.Html.HtmlImportSettings,Telerik.Windows.Documents.Flow.FormatProviders.Html.HtmlExportSettings)">
            <summary>
            Creates FileStreamResult based on the provided parameters, having html streem to be sent as response
            </summary>
            <param name="data">Data containing the exported HTML content and the file name set to the FileStreamResult return value</param>
            <param name="htmlImportSettings">Optional settings set to the HtmlFormatProvider converting the value to RadFlowDocument</param>
            <param name="htmlExportSettings">Optional settings set to the HtmlFormatProvider exporting a RadFlowDocument</param>
            <returns>FileStreamResult</returns>
        </member>
        <member name="M:Kendo.Mvc.Export.EditorExport.ToHtmlExportResult(Kendo.Mvc.Export.EditorExportData,Telerik.Windows.Documents.Flow.FormatProviders.Html.HtmlImportSettings)">
            <summary>
            Creates FileStreamResult based on the provided parameters, having html streem to be sent as response
            </summary>
            <param name="data">Data containing the exported HTML content and the file name set to the FileStreamResult return value</param>
            <param name="htmlImportSettings">Optional settings set to the HtmlFormatProvider converting the value to RadFlowDocument</param>
            <returns>FileStreamResult</returns>
        </member>
        <member name="M:Kendo.Mvc.Export.EditorExport.ToHtmlExportResult(Kendo.Mvc.Export.EditorExportData)">
            <summary>
            Creates FileStreamResult based on the provided parameters, having html streem to be sent as response
            </summary>
            <param name="data">Data containing the exported HTML content and the file name set to the FileStreamResult return value</param>
            <returns>FileStreamResult</returns>
        </member>
        <member name="M:Kendo.Mvc.Export.EditorExport.ToPdfExportResult(Kendo.Mvc.Export.EditorExportData,Telerik.Windows.Documents.Flow.FormatProviders.Html.HtmlImportSettings,Telerik.Windows.Documents.Flow.FormatProviders.Pdf.Export.PdfExportSettings)">
            <summary>
            Creates FileStreamResult based on the provided parameters, having pdf streem to be sent as response
            </summary>
            <param name="data">Data containing the exported HTML content and the file name set to the FileStreamResult return value</param>
            <param name="htmlImportSettings">Optional settings set to the HtmlFormatProvider converting the value to RadFlowDocument</param>
            <param name="pdfExportSettings">Optional settings set to the PdfFormatProvider exporting a RadFlowDocument</param>
            <returns>FileStreamResult</returns>
        </member>
        <member name="M:Kendo.Mvc.Export.EditorExport.ToPdfExportResult(Kendo.Mvc.Export.EditorExportData,Telerik.Windows.Documents.Flow.FormatProviders.Html.HtmlImportSettings)">
            <summary>
            Creates FileStreamResult based on the provided parameters, having pdf streem to be sent as response
            </summary>
            <param name="data">Data containing the exported HTML content and the file name set to the FileStreamResult return value</param>
            <param name="htmlImportSettings">Optional settings set to the HtmlFormatProvider converting the value to RadFlowDocument</param>
            <returns>FileStreamResult</returns>
        </member>
        <member name="M:Kendo.Mvc.Export.EditorExport.ToPdfExportResult(Kendo.Mvc.Export.EditorExportData)">
            <summary>
            Creates FileStreamResult based on the provided parameters, having pdf streem to be sent as response
            </summary>
            <param name="data">Data containing the exported HTML content and the file name set to the FileStreamResult return value</param>
            <returns>FileStreamResult</returns>
        </member>
        <member name="M:Kendo.Mvc.Export.EditorExport.ToRtfExportResult(Kendo.Mvc.Export.EditorExportData,Telerik.Windows.Documents.Flow.FormatProviders.Html.HtmlImportSettings,Telerik.Windows.Documents.Flow.FormatProviders.Rtf.RtfExportSettings)">
            <summary>
            Creates FileStreamResult based on the provided parameters, having rtf streem to be sent as response
            </summary>
            <param name="data">Data containing the exported HTML content and the file name set to the FileStreamResult return value</param>
            <param name="htmlImportSettings">Optional settings set to the HtmlFormatProvider converting the value to RadFlowDocument</param>
            <param name="rtfExportSettings">Optional settings set to the RtfFormatProvider exporting a RadFlowDocument</param>
            <returns>FileStreamResult</returns>
        </member>
        <member name="M:Kendo.Mvc.Export.EditorExport.ToRtfExportResult(Kendo.Mvc.Export.EditorExportData,Telerik.Windows.Documents.Flow.FormatProviders.Html.HtmlImportSettings)">
            <summary>
            Creates FileStreamResult based on the provided parameters, having rtf streem to be sent as response
            </summary>
            <param name="data">Data containing the exported HTML content and the file name set to the FileStreamResult return value</param>
            <param name="htmlImportSettings">Optional settings set to the HtmlFormatProvider converting the value to RadFlowDocument</param>
            <returns>FileStreamResult</returns>
        </member>
        <member name="M:Kendo.Mvc.Export.EditorExport.ToRtfExportResult(Kendo.Mvc.Export.EditorExportData)">
            <summary>
            Creates FileStreamResult based on the provided parameters, having rtf streem to be sent as response
            </summary>
            <param name="data">Data containing the exported HTML content and the file name set to the FileStreamResult return value</param>
            <returns>FileStreamResult</returns>
        </member>
        <member name="M:Kendo.Mvc.Export.EditorExport.ToTxtExportResult(Kendo.Mvc.Export.EditorExportData,Telerik.Windows.Documents.Flow.FormatProviders.Html.HtmlImportSettings)">
            <summary>
            Creates FileStreamResult based on the provided parameters, having txt streem to be sent as response
            </summary>
            <param name="data">Data containing the exported HTML content and the file name set to the FileStreamResult return value</param>
            <param name="htmlImportSettings">Optional settings set to the HtmlFormatProvider converting the value to RadFlowDocument</param>
            <returns>FileStreamResult</returns>
        </member>
        <member name="M:Kendo.Mvc.Export.EditorExport.ToTxtExportResult(Kendo.Mvc.Export.EditorExportData)">
            <summary>
            Creates FileStreamResult based on the provided parameters, having txt streem to be sent as response
            </summary>
            <param name="data">Data containing the exported HTML content and the file name set to the FileStreamResult return value</param>
            <returns>FileStreamResult</returns>
        </member>
        <member name="T:Kendo.Mvc.Export.EditorDocumentsSettings">
            <summary>
            Editor document settings.
            </summary>
        </member>
        <member name="P:Kendo.Mvc.Export.EditorDocumentsSettings.HtmlImportSettings">
            <summary>
            Gets or sets the HtmlIMportSettings, which are used to convert the HTML content to RadFlowDocument
            </summary>
        </member>
        <member name="P:Kendo.Mvc.Export.EditorDocumentsSettings.DocxExportSettings">
            <summary>
            Gets or sets DocxExportSettings, which configure the DocxFormatProvider used for DOCX export
            </summary>
        </member>
        <member name="P:Kendo.Mvc.Export.EditorDocumentsSettings.RtfExportSettings">
            <summary>
            Gets or sets RtfExportSettings, which configure the RtfFormatProvider used for RTF export
            </summary>
        </member>
        <member name="P:Kendo.Mvc.Export.EditorDocumentsSettings.PdfExportSettings">
            <summary>
            Gets or sets PdfExportSettings, which configure the PdfFormatProvider used for PDF export
            </summary>
        </member>
        <member name="P:Kendo.Mvc.Export.EditorDocumentsSettings.HtmlExportSettings">
            <summary>
            Gets or sets HtmlExportSettings, which configure the HtmlFormatProvider used for HTML export
            </summary>
        </member>
        <member name="T:Kendo.Mvc.Export.EditorExportData">
            <summary>
            Editor export data.
            </summary>
        </member>
        <member name="P:Kendo.Mvc.Export.EditorExportData.Value">
            <summary>
            Gets or sets the exported HTML content
            </summary>
        </member>
        <member name="P:Kendo.Mvc.Export.EditorExportData.ExportType">
            <summary>
            Gets or sets type to which the content will be exported
            </summary>
        </member>
        <member name="P:Kendo.Mvc.Export.EditorExportData.FileName">
            <summary>
            Gets or sets the fine name of the export result
            </summary>
        </member>
        <member name="T:Kendo.Mvc.Export.EditorExportType">
            <summary>
            Specifies the editor export types.
            </summary>
        </member>
        <member name="F:Kendo.Mvc.Export.EditorExportType.Docx">
            <summary>
            Export to DOCX
            </summary>
        </member>
        <member name="F:Kendo.Mvc.Export.EditorExportType.Rtf">
            <summary>
            Export to RTF
            </summary>
        </member>
        <member name="F:Kendo.Mvc.Export.EditorExportType.Pdf">
            <summary>
            Export to PDF
            </summary>
        </member>
        <member name="F:Kendo.Mvc.Export.EditorExportType.Html">
            <summary>
            Exprot to HTML
            </summary>
        </member>
        <member name="F:Kendo.Mvc.Export.EditorExportType.Txt">
            <summary>
            Export to TXT
            </summary>
        </member>
        <member name="T:Kendo.Mvc.Export.EditorImport">
            <summary>
            Editor DOCX import settings.
            </summary>
        </member>
        <member name="M:Kendo.Mvc.Export.EditorImport.ToDocxImportResult(System.Web.HttpPostedFileBase,Kendo.Mvc.Export.EditorImportSettings)">
            <summary>
            Exports the Docx file into HTML
            </summary>
            <param name="file">Docx file</param>
            <param name="settings">Import configuration settings</param>
            <returns>String</returns>
        </member>
        <member name="M:Kendo.Mvc.Export.EditorImport.GetTextContent(System.Web.HttpPostedFileBase)">
            <summary>
            Gets the text content of the file.
            </summary>
            <param name="file">The file to read from.</param>
            <returns></returns>
        </member>
        <member name="M:Kendo.Mvc.Export.EditorImport.ToRtfImportResult(System.Web.HttpPostedFileBase,Kendo.Mvc.Export.EditorImportSettings)">
            <summary>
            Exports the Rtf file into HTML
            </summary>
            <param name="file">Rtf file</param>
            <param name="settings">Import configuration settings</param>
            <returns>String</returns>
        </member>
        <member name="M:Kendo.Mvc.Export.EditorImport.ToTextImportResult(System.Web.HttpPostedFileBase)">
            <summary>
            Returns the text content of the file
            </summary>
            <param name="file">Text file</param>
            <returns>String</returns>
        </member>
        <member name="T:Kendo.Mvc.Export.EditorImportSettings">
            <summary>
            Editor import settings.
            </summary>
        </member>
        <member name="F:Kendo.Mvc.Export.EditorImportSettings.DocumentImportLevel">
            <summary>
            Specifies the document import level.
            </summary>
        </member>
        <member name="P:Kendo.Mvc.Export.EditorImportSettings.StylesImportMode">
            <summary>
            Gets or sets the export mode for the styles. Default value is Embedded.
            </summary>
        </member>
        <member name="P:Kendo.Mvc.Export.EditorImportSettings.StylesFilePath">
            <summary>
            Gets or sets the path to the file that will contain the external styles.
            </summary>
        </member>
        <member name="P:Kendo.Mvc.Export.EditorImportSettings.StylesSourcePath">
            <summary>
            Gets or sets the value that will be set as 'href' attribute of the 'link' element pointing to the file containing the external styles.
            </summary>
        </member>
        <member name="P:Kendo.Mvc.Export.EditorImportSettings.ImagesImportMode">
            <summary>
            Gets or sets the export mode for the images. Default value is Embedded.
            </summary>
        </member>
        <member name="P:Kendo.Mvc.Export.EditorImportSettings.ImagesFolderPath">
            <summary>
            Gets or sets the path to the folder that will contain the external image files.
            </summary>
        </member>
        <member name="P:Kendo.Mvc.Export.EditorImportSettings.ImagesSourceBasePath">
            <summary>
            Gets or sets the base path that will be set as value to the 'src' attribute of the 'image' elements.
            </summary>
        </member>
        <member name="T:Kendo.Mvc.Export.Helpers">
            <summary>
            Export helpers.
            </summary>
        </member>
        <member name="M:Kendo.Mvc.Export.Helpers.CollectionToStream(Telerik.Documents.SpreadsheetStreaming.SpreadDocumentFormat,System.Collections.IEnumerable,System.Collections.Generic.IList{Kendo.Mvc.Export.ExportColumnSettings},System.String,System.Action{Kendo.Mvc.Export.ExportColumnStyle},System.Action{Kendo.Mvc.Export.ExportRowStyle},System.Action{Kendo.Mvc.Export.ExportCellStyle})">
            <summary>
            Returns a stream with exported data, based on the export format set in the method arguments.
            </summary>
            <param name="format">Export format; CSV or XLSX</param>
            <param name="data">Input data collection</param>
            <param name="model">Data model (columns)</param>
            <param name="title">Optional document title</param>
            <param name="columnStyleAction">Column style action; optional</param>
            <param name="rowStyleAction">Row style action; optional</param>
            <param name="cellStyleAction">Cell style action; optional</param>
            <returns>Export stream</returns>
        </member>
        <member name="M:Kendo.Mvc.Export.Helpers.GetMimeType(Telerik.Documents.SpreadsheetStreaming.SpreadDocumentFormat)">
            <summary>
            Returns the MIME type for the corresponding export format.
            </summary>
            <param name="exportFormat">Export format type</param>
            <returns>MIME type string</returns>
        </member>
        <member name="T:Kendo.Mvc.Export.ExportCellStyle">
            <summary>
            Cell style export settings.
            </summary>
        </member>
        <member name="M:Kendo.Mvc.Export.ExportCellStyle.#ctor(Telerik.Documents.SpreadsheetStreaming.ICellExporter,System.Int32,System.Int32)">
            <summary>
            ExportCellStyle constructor
            </summary>
            <param name="cell">Cell instance</param>
            <param name="column">Column index</param>
            <param name="row">Row index</param>
        </member>
        <member name="P:Kendo.Mvc.Export.ExportCellStyle.Cell">
            <summary>
            Current cell instance
            </summary>
        </member>
        <member name="P:Kendo.Mvc.Export.ExportCellStyle.Column">
            <summary>
            Current column index
            </summary>
        </member>
        <member name="P:Kendo.Mvc.Export.ExportCellStyle.Row">
            <summary>
            Current row index
            </summary>
        </member>
        <member name="T:Kendo.Mvc.Export.ExportColumnSettings">
            <summary>
            Column export settings.
            </summary>
        </member>
        <member name="P:Kendo.Mvc.Export.ExportColumnSettings.Title">
            <summary>
            Column title
            </summary>
        </member>
        <member name="P:Kendo.Mvc.Export.ExportColumnSettings.Width">
            <summary>
            Holds the column width
            </summary>
        </member>
        <member name="P:Kendo.Mvc.Export.ExportColumnSettings.Field">
            <summary>
            Determines the data field
            </summary>
        </member>
        <member name="P:Kendo.Mvc.Export.ExportColumnSettings.Format">
            <summary>
            Stores the format string
            </summary>
        </member>
        <member name="P:Kendo.Mvc.Export.ExportColumnSettings.Hidden">
            <summary>
            Determines the column visibility
            </summary>
        </member>
        <member name="T:Kendo.Mvc.Export.ExportColumnStyle">
            <summary>
            Column style export settings.
            </summary>
        </member>
        <member name="M:Kendo.Mvc.Export.ExportColumnStyle.#ctor(Telerik.Documents.SpreadsheetStreaming.IColumnExporter,System.Int32,System.String)">
            <summary>
            ExportColumnStyle constructor
            </summary>
            <param name="column">Column instance</param>
            <param name="index">Column index</param>
            <param name="name">Column name</param>
        </member>
        <member name="P:Kendo.Mvc.Export.ExportColumnStyle.Name">
            <summary>
            Column name
            </summary>
        </member>
        <member name="P:Kendo.Mvc.Export.ExportColumnStyle.Column">
            <summary>
            Current column instance
            </summary>
        </member>
        <member name="P:Kendo.Mvc.Export.ExportColumnStyle.Index">
            <summary>
            Current column index
            </summary>
        </member>
        <member name="T:Kendo.Mvc.Export.ExportRowStyle">
            <summary>
            Row style export settings.
            </summary>
        </member>
        <member name="M:Kendo.Mvc.Export.ExportRowStyle.#ctor(Telerik.Documents.SpreadsheetStreaming.IRowExporter,System.Int32)">
            <summary>
            ExportRowStyle constructor
            </summary>
            <param name="row">Row instance</param>
            <param name="index">Row index</param>
        </member>
        <member name="P:Kendo.Mvc.Export.ExportRowStyle.Row">
            <summary>
            Current row instance
            </summary>
        </member>
        <member name="P:Kendo.Mvc.Export.ExportRowStyle.Index">
            <summary>
            Current row index
            </summary>
        </member>
        <member name="T:Kendo.Mvc.Export.ExportExtensions">
            <summary>
            Export extensions.
            </summary>
        </member>
        <member name="M:Kendo.Mvc.Export.ExportExtensions.ToXlsxStream(System.Collections.IEnumerable,System.Collections.Generic.IList{Kendo.Mvc.Export.ExportColumnSettings},System.String,System.Action{Kendo.Mvc.Export.ExportColumnStyle},System.Action{Kendo.Mvc.Export.ExportRowStyle},System.Action{Kendo.Mvc.Export.ExportCellStyle})">
            <summary>
            Creates an Xlsx stream based on the provided parameters
            </summary>
            <param name="instance">IEnumerable instance</param>
            <param name="model">Data model</param>
            <param name="title">Optional document title</param>
            <param name="columnStyleAction">Optional column style action</param>
            <param name="rowStyleAction">Optional row style action</param>
            <param name="cellStyleAction">Optional cell style action</param>
            <returns>Xlsx stream</returns>
        </member>
        <member name="M:Kendo.Mvc.Export.ExportExtensions.ToCsvStream(System.Collections.IEnumerable,System.Collections.Generic.IList{Kendo.Mvc.Export.ExportColumnSettings})">
            <summary>
            Creates a CSv stream based on the provided parameters
            </summary>
            <param name="instance">IEnumerable instance</param>
            <param name="model">Data model</param>
            <returns>Csv stream</returns>
        </member>
    </members>
</doc>
